Instructor,White,Black,Asian-American,Mexican American
Instructor A,1587,1300,1660,1366
Instructor A,1562,1255,1576,1531
Instructor A,1701,1321,1584,1352
Instructor A,1539,1264,1609,1323
Instructor A,1638,1350,1772,1339
Instructor A,1580,1336,1624,1302
Instructor A,1580,1304,1614,1414
Instructor A,1518,1300,1632,1324
Instructor A,1560,1272,1668,1398
Instructor A,1566,1270,1580,1437
Instructor B,1598,1296,1535,1345
Instructor B,1539,1286,1643,1357
Instructor B,1581,1308,1662,1427
Instructor B,1553,1251,1640,1422
Instructor B,1553,1256,1610,1362
Instructor B,1568,1334,1632,1365
Instructor B,1601,1244,1582,1357
Instructor B,1672,1317,1590,1447
Instructor B,1637,1291,1670,1396
Instructor B,1667,1379,1539,1385
Instructor C,1483,1289,1641,1400
Instructor C,1525,1272,1633,1421
Instructor C,1577,1295,1586,1382
Instructor C,1522,1274,1620,1329
Instructor C,1592,1240,1609,1404
Instructor C,1523,1286,1593,1369
Instructor C,1605,1190,1755,1279
Instructor C,1736,1330,1612,1289
Instructor C,1521,1217,1736,1445
Instructor C,1500,1284,1584,1358
